cik,name,ticker,exchange,snapshot_date
0001045810,NVIDIA CORP,NVDA,Nasdaq,2026-09-24
0000320193,Apple Inc.,AAPL,Nasdaq,2026-09-24
0001652044,Alphabet Inc.,GOOGL,Nasdaq,2026-09-24
0000789019,MICROSOFT CORP,MSFT,Nasdaq,2026-09-24
0001018724,AMAZON COM INC,AMZN,Nasdaq,2026-09-24
0001326801,"Meta Platforms, Inc.",META,Nasdaq,2026-09-24
0000059478,ELI LILLY & Co,LLY,NYSE,2026-09-24
0000019617,JPMORGAN CHASE & CO,JPM,NYSE,2026-09-24
0001403161,VISA INC.,V,NYSE,2026-09-24
0002115436,ExxonMobil Holdings Corp,XOM,NYSE,2026-09-24
0000200406,JOHNSON & JOHNSON,JNJ,NYSE,2026-09-24
0001341439,ORACLE CORP,ORCL,NYSE,2026-09-24
0000858877,"CISCO SYSTEMS, INC.",CSCO,Nasdaq,2026-09-24
0000070858,BANK OF AMERICA CORP /DE/,BAC,NYSE,2026-09-24
0000093410,CHEVRON CORP,CVX,NYSE,2026-09-24
0000909832,COSTCO WHOLESALE CORP /NEW,COST,Nasdaq,2026-09-24
0000021344,COCA COLA CO,KO,NYSE,2026-09-24
0000018230,CATERPILLAR INC,CAT,NYSE,2026-09-24
0000310158,"Merck & Co., Inc.",MRK,NYSE,2026-09-24
0000080424,PROCTER & GAMBLE Co,PG,NYSE,2026-09-24
0000731766,UNITEDHEALTH GROUP INC,UNH,NYSE,2026-09-24
0000040545,GENERAL ELECTRIC CO,GE,NYSE,2026-09-24
0000354950,"HOME DEPOT, INC.",HD,NYSE,2026-09-24
0000886982,GOLDMAN SACHS GROUP INC,GS,NYSE,2026-09-24
0001707925,LINDE PLC,LIN,Nasdaq,2026-09-24
0000732712,VERIZON COMMUNICATIONS INC,VZ,NYSE,2026-09-24
0000882095,"GILEAD SCIENCES, INC.",GILD,Nasdaq,2026-09-24
0000315189,DEERE & CO,DE,NYSE,2026-09-24
0001744489,Walt Disney Co,DIS,NYSE,2026-09-24
0000077476,PEPSICO INC,PEP,Nasdaq,2026-09-24
0000063908,MCDONALDS CORP,MCD,NYSE,2026-09-24
0000753308,NEXTERA ENERGY INC,NEE,NYSE,2026-09-24
0001163165,CONOCOPHILLIPS,COP,NYSE,2026-09-24
0001045609,"Prologis, Inc.",PLD,NYSE,2026-09-24
0001164727,NEWMONT Corp /DE/,NEM,NYSE,2026-09-24
0000829224,STARBUCKS CORP,SBUX,Nasdaq,2026-09-24
0001101239,EQUINIX INC,EQIX,Nasdaq,2026-09-24
0000831259,FREEPORT-MCMORAN INC,FCX,NYSE,2026-09-24
0000092122,SOUTHERN CO,SO,NYSE,2026-09-24
0001326160,Duke Energy CORP,DUK,NYSE,2026-09-24
0001053507,AMERICAN TOWER CORP /MA/,AMT,NYSE,2026-09-24
0001090727,UNITED PARCEL SERVICE INC,UPS,NYSE,2026-09-24
0000089800,SHERWIN WILLIAMS CO,SHW,NYSE,2026-09-24
0000087347,SLB LIMITED/NV,SLB,NYSE,2026-09-24
0000004904,AMERICAN ELECTRIC POWER CO INC,AEP,Nasdaq,2026-09-24
0000075362,PACCAR INC,PCAR,Nasdaq,2026-09-24
0000726728,REALTY INCOME CORP,O,NYSE,2026-09-24
0000320187,"NIKE, Inc.",NKE,NYSE,2026-09-24
0001633917,"PayPal Holdings, Inc.",PYPL,Nasdaq,2026-09-24
0000879169,INCYTE CORP,INCY,Nasdaq,2026-09-24
0001113169,PRICE T ROWE GROUP INC,TROW,Nasdaq,2026-09-24
0001086222,AKAMAI TECHNOLOGIES INC,AKAM,Nasdaq,2026-09-24
0001841666,APA Corp,APA,Nasdaq,2026-09-24
0000910606,REGENCY CENTERS CORP,REG,Nasdaq,2026-09-24
0000046080,"HASBRO, INC.",HAS,Nasdaq,2026-09-24
0000071691,NEW YORK TIMES CO,NYT,NYSE,2026-09-24
0000764622,PINNACLE WEST CAPITAL CORP,PNW,NYSE,2026-09-24
0000021076,CLOROX CO /DE/,CLX,NYSE,2026-09-24
0001285785,MOSAIC CO,MOS,NYSE,2026-09-24
