cik,company_name,ticker,exchange,snapshot_date,mean_daily_volume,mean_close_usd,valid_calibration_days,liquidity_tier,calibration_end_date
0001045810,NVIDIA CORP,NVDA,Nasdaq,2026-09-24,70757435.8,220.92399999999998,5,High,2026-08-20
0000320193,Apple Inc.,AAPL,Nasdaq,2026-09-24,28174308.6,310.015,5,High,2026-08-20
0001652044,Alphabet Inc.,GOOGL,Nasdaq,2026-09-24,14124536.0,343.88599999999997,5,High,2026-08-20
0000789019,MICROSOFT CORP,MSFT,Nasdaq,2026-09-24,14632889.8,484.7278,5,High,2026-08-20
0001018724,AMAZON COM INC,AMZN,Nasdaq,2026-09-24,26666928.4,261.902,5,High,2026-08-20
0001326801,"Meta Platforms, Inc.",META,Nasdaq,2026-09-24,13896492.8,558.891,5,High,2026-08-20
0000059478,ELI LILLY & Co,LLY,NYSE,2026-09-24,2017999.8,1223.964,5,Low,2026-08-20
0000019617,JPMORGAN CHASE & CO,JPM,NYSE,2026-09-24,3985985.2,359.32399999999996,5,Medium,2026-08-20
0001403161,VISA INC.,V,NYSE,2026-09-24,3900987.4,363.788,5,Medium,2026-08-20
0002115436,ExxonMobil Holdings Corp,XOM,NYSE,2026-09-24,9831741.6,163.66500000000002,5,High,2026-08-20
0000200406,JOHNSON & JOHNSON,JNJ,NYSE,2026-09-24,4482689.4,267.025,5,Medium,2026-08-20
0001341439,ORACLE CORP,ORCL,NYSE,2026-09-24,17789765.2,145.13,5,High,2026-08-20
0000858877,"CISCO SYSTEMS, INC.",CSCO,Nasdaq,2026-09-24,14777067.4,111.272,5,High,2026-08-20
0000070858,BANK OF AMERICA CORP /DE/,BAC,NYSE,2026-09-24,21027447.0,63.551,5,High,2026-08-20
0000093410,CHEVRON CORP,CVX,NYSE,2026-09-24,6165713.8,204.006,5,High,2026-08-20
0000909832,COSTCO WHOLESALE CORP /NEW,COST,Nasdaq,2026-09-24,1184533.2,953.202,5,Low,2026-08-20
0000021344,COCA COLA CO,KO,NYSE,2026-09-24,9671866.0,88.883,5,High,2026-08-20
0000018230,CATERPILLAR INC,CAT,NYSE,2026-09-24,2129194.6,842.156,5,Low,2026-08-20
0000310158,"Merck & Co., Inc.",MRK,NYSE,2026-09-24,11608612.4,141.676,5,High,2026-08-20
0000080424,PROCTER & GAMBLE Co,PG,NYSE,2026-09-24,7630525.6,143.706,5,High,2026-08-20
0000731766,UNITEDHEALTH GROUP INC,UNH,NYSE,2026-09-24,3380532.2,392.934,5,Medium,2026-08-20
0000040545,GENERAL ELECTRIC CO,GE,NYSE,2026-09-24,2964152.2,362.71999999999997,5,Medium,2026-08-20
0000354950,"HOME DEPOT, INC.",HD,NYSE,2026-09-24,3733378.4,338.756,5,Medium,2026-08-20
0000886982,GOLDMAN SACHS GROUP INC,GS,NYSE,2026-09-24,1434936.0,1030.824,5,Low,2026-08-20
0001707925,LINDE PLC,LIN,Nasdaq,2026-09-24,1510041.4,479.63199999999995,5,Low,2026-08-20
0000732712,VERIZON COMMUNICATIONS INC,VZ,NYSE,2026-09-24,10451678.0,48.735,5,High,2026-08-20
0000882095,"GILEAD SCIENCES, INC.",GILD,Nasdaq,2026-09-24,3898379.8,142.358,5,Medium,2026-08-20
0000315189,DEERE & CO,DE,NYSE,2026-09-24,1250943.6,599.746,5,Low,2026-08-20
0001744489,Walt Disney Co,DIS,NYSE,2026-09-24,5809533.6,105.72999999999999,5,Medium,2026-08-20
0000077476,PEPSICO INC,PEP,Nasdaq,2026-09-24,4289860.4,140.768,5,Medium,2026-08-20
0000063908,MCDONALDS CORP,MCD,NYSE,2026-09-24,3038727.8,268.398,5,Medium,2026-08-20
0000753308,NEXTERA ENERGY INC,NEE,NYSE,2026-09-24,7048190.4,85.926,5,High,2026-08-20
0001163165,CONOCOPHILLIPS,COP,NYSE,2026-09-24,4790415.4,129.93,5,Medium,2026-08-20
0001045609,"Prologis, Inc.",PLD,NYSE,2026-09-24,1852296.8,140.738,5,Low,2026-08-20
0001164727,NEWMONT Corp /DE/,NEM,NYSE,2026-09-24,6110918.2,121.353,5,Medium,2026-08-20
0000829224,STARBUCKS CORP,SBUX,Nasdaq,2026-09-24,4360549.2,106.112,5,Medium,2026-08-20
0001101239,EQUINIX INC,EQIX,Nasdaq,2026-09-24,319730.4,1089.029,5,Low,2026-08-20
0000831259,FREEPORT-MCMORAN INC,FCX,NYSE,2026-09-24,10120426.2,68.31800000000001,5,High,2026-08-20
0000092122,SOUTHERN CO,SO,NYSE,2026-09-24,3215174.4,92.17,5,Medium,2026-08-20
0001326160,Duke Energy CORP,DUK,NYSE,2026-09-24,2638368.2,123.575,5,Medium,2026-08-20
0001053507,AMERICAN TOWER CORP /MA/,AMT,NYSE,2026-09-24,1344877.0,174.084,5,Low,2026-08-20
0001090727,UNITED PARCEL SERVICE INC,UPS,NYSE,2026-09-24,3324076.8,102.78399999999999,5,Medium,2026-08-20
0000089800,SHERWIN WILLIAMS CO,SHW,NYSE,2026-09-24,956815.0,350.97,5,Low,2026-08-20
0000087347,SLB LIMITED/NV,SLB,NYSE,2026-09-24,5392947.2,53.6,5,Medium,2026-08-20
0000004904,AMERICAN ELECTRIC POWER CO INC,AEP,Nasdaq,2026-09-24,1819215.0,126.098,5,Low,2026-08-20
0000075362,PACCAR INC,PCAR,Nasdaq,2026-09-24,1790770.8,129.226,5,Low,2026-08-20
0000726728,REALTY INCOME CORP,O,NYSE,2026-09-24,3094571.4,62.705999999999996,5,Medium,2026-08-20
0000320187,"NIKE, Inc.",NKE,NYSE,2026-09-24,27275309.6,40.227999999999994,5,High,2026-08-20
0001633917,"PayPal Holdings, Inc.",PYPL,Nasdaq,2026-09-24,9441882.6,61.221000000000004,5,High,2026-08-20
0000879169,INCYTE CORP,INCY,Nasdaq,2026-09-24,900368.8,124.57000000000001,5,Low,2026-08-20
0001113169,PRICE T ROWE GROUP INC,TROW,Nasdaq,2026-09-24,843453.8,111.15599999999999,5,Low,2026-08-20
0001086222,AKAMAI TECHNOLOGIES INC,AKAM,Nasdaq,2026-09-24,2100832.4,117.218,5,Low,2026-08-20
0001841666,APA Corp,APA,Nasdaq,2026-09-24,5005792.8,42.454,5,Medium,2026-08-20
0000910606,REGENCY CENTERS CORP,REG,Nasdaq,2026-09-24,625065.4,76.429,5,Low,2026-08-20
0000046080,"HASBRO, INC.",HAS,Nasdaq,2026-09-24,749801.0,94.546,5,Low,2026-08-20
0000071691,NEW YORK TIMES CO,NYT,NYSE,2026-09-24,1114724.6,65.28,5,Low,2026-08-20
0000764622,PINNACLE WEST CAPITAL CORP,PNW,NYSE,2026-09-24,622013.2,100.18199999999999,5,Low,2026-08-20
0000021076,CLOROX CO /DE/,CLX,NYSE,2026-09-24,1822028.6,106.24000000000001,5,Low,2026-08-20
0001285785,MOSAIC CO,MOS,NYSE,2026-09-24,7061767.8,21.919999999999998,5,High,2026-08-20
